<?xml version="1.0" encoding="UTF-8"?>
<endpoint name="CampaingReconcilliationEndpoint" xmlns="http://ws.apache.org/ns/synapse">
    <http method="post" trace="enable" uri-template="{uri.var.tutoringCampaignProtocol}://{uri.var.tutoringCampaignHost}:{uri.var.tutoringCampaignPort}/services/nudgingReconciliation">
        <suspendOnFailure>
            <initialDuration>-1</initialDuration>
            <progressionFactor>1.0</progressionFactor>
        </suspendOnFailure>
        <markForSuspension>
            <retriesBeforeSuspension>0</retriesBeforeSuspension>
        </markForSuspension>
    </http>
</endpoint>
